<Widget>
    <Kind>2</Kind>
    <Name>VIDEO ELEMENT</Name>
    <Value>1</Value>
</Widget>
<Widget>
    <Kind>2</Kind>
    <Name>SYPHON ELEMENT</Name>
    <Value>0</Value>
</Widget>
<Widget>
    <Kind>2</Kind>
    <Name>IMAGE ELEMENT</Name>
    <Value>0</Value>
</Widget>
<Widget>
    <Kind>2</Kind>
    <Name>STEREO MODE</Name>
    <Value>1</Value>
</Widget>
<Widget>
    <Kind>2</Kind>
    <Name>ANAGLYPH MODE</Name>
    <Value>0</Value>
</Widget>
<Widget>
    <Kind>2</Kind>
    <Name>FULLSCREEN</Name>
    <Value>0</Value>
</Widget>
